1002;PLATEAU A THE INOX 18/10;;18.99;22.52;U
1003;PLATEAU A CAKE A/A ANNEAU INOX;;44.17;53.04;U
1004;PLATEAU RECTANGULAIRE 28/16 INOX;;23.81;33.05;U
1001;PLAT ROND 35 CM  DESIGN INOX 18/10;;52.90;65.56;U
1006;PLATEAU RECT 30 CM ANNEAU INOX 18/10;;46.17;55.62;U
1007;PLATEAU RECT 35 CM ANNEAU INOX 18/10;;54.18;66.64;U
1008;PLATEAU RECT 40 CM ANNEAU INOX 18/10;;77.25;86.40;U
1009;PLATEAU RECT 30 CM AA INOX 18/10;;34.22;45.10;U
1010;PLATEAU RECT 35 CM AA INOX 18/10;;41.28;54.75;U
1011;PLATEAU RECT 40 CM AA INOX 18/10;;60.02;73.02;U
1012;LOT DE 2 PLATEAUX RECT 30 CM + 35 CM INOX 18/10;;75.51;98.16;U
1013;LOT DE 2 PLATEAUX RECT 30/35 CM ANNEAU INOX 18/10;;84.30;109.60;U
1014;PLATEAU OCTOGONAL 35 CM INOX 18/10;;44.25;57.56;U
1015;COUPE A GLACE INOX 18/10;;4.32;5.62;U
1016;PLATEAU 30 CM + 6 COUPE A GLACE INOX 18/10;;54.61;70.99;U
1017;PORTE SERVIETTE INOX 18/10;;7.47;8.10;U
1018;PLAT OVAL POISSON 45 CM INOX  18/10;;26.79;38.48;U
1019;PLAT OVAL POISSON 60 CM INOX 18/10;;44.30;57.24;U
1020;PLAT OVAL POISSON 70 CM INOX 18/10;;64.31;79.06;U
1021;SERVICE T/T 5 PIECES;;61.16;81.00;U
1022;CLOCHE PLATEAU 21/21;;13.50;22.95;U
1023;CLOCHE  PLATEAU A CAKE;;14.00;23.10;U
1024;CLOCHE PLATEAU A THE;;10.00;17.50;U
1025;CLOCHE PLATEAU 28/16;;14.50;21.75;U
1026;CLOCHE PLATEAU OCTOGONAL;;23.00;29.90;U
1027;PORTE MENU EN BOIS 32*24;;44.66;125.88;U
1028;PLATEAU A CAKE 40CM INOX 18/10 S/A;;34.30;51.44;U
1029;STAND 3 NIVEAUX INOX POLI 242*218*H 555 mm;;234.43;351.64;U
1030;MEDIUM INOX POLI DIAMETRE  218 * H 180 mm;;0.00;0.00;U
1031;LOW INOX POLI DIAMETRE 218 * H 95 mm;;0.00;0.00;U
1032;LOW INOX POLI 530 * 165 * H 95 mm;;0.00;0.00;U
1033;TALL INOX POLI 530 * 165 * H 185 mm;;0.00;0.00;U
1034;STAND INOX POLI 315 * 260 * H 180 H 95 mm;;0.00;0.00;U
1035;STAND INOX POLI 325 * 265 * H 100 mm;;0.00;0.00;U
1036;STAND INOX POLI  315 * 265 * H 95 mm;;0.00;0.00;U
1037;STAND 3 NIVEAUX NOIR   242*218*H 555 mm;;154.70;195.00;U
1038;STAND LOW NOIR  DIAMETRE 218 * H 95 mm;;0.00;0.00;U
1039;MEDIUM INOX POLI DIAMETRE  218 * H 180 mm;;0.00;0.00;U
1040;STAND MEDIUM NOIR  DIAMETRE  218 * H 180 mm;;0.00;0.00;U
1041;STAND TALL NOIR DIAMETRE 218 * 265;;0.00;0.00;U
1042;STAND NOIR 315 * 260 * H 180 H 95;;0.00;0.00;U
1043;STAND NOIR 325 * 265 * H 100 mm;;0.00;0.00;U
1044;STAND NOIR  315 * 265 * H 95 mm;;0.00;0.00;U
1045;VERRE COGNAC 25CL;;1.87;4.27;U
1046;SEAU A GLACONS A/ANSE PM;;7.44;15.21;U
1047;VAP MONTECARLO 45CL;;5.60;7.85;U
1048;VAP DEGUS 58CL;;4.42;6.66;U
1049;VAP FLUT 17CL;;2.25;3.99;U
1050;VERRE SCHOOTER 6CL;;1.35;1.96;U
1051;VERRE AIALA LONG DRING 31CL;;1.80;2.86;U
1052;VERRE A EAU LAVE 36CL;;1.92;3.33;U
1053;VERRE TUBE LON DRING 30CL;;1.85;2.86;U
1054;VAP MALVALAISE 53CL;;3.19;6.33;U
1055;VAP BORMIOLI 47CL;;3.75;6.66;U
1056;VERRE A THE BESFORE LONG CHAMP;;1.10;1.76;U
1057;VERRE IRATIA WISKY;;1.80;3.33;U
1058;PORTE MENU EN BOIS ( BOIS CHAINE + PLAQUES INOX +GRAVURE );;59.12;150.87;U
1059;VAP WILKO 53CL;;3.44;6.33;U
1060;VAP ADARA 53CL;;3.15;6.33;U
1061;PLATEAU RECT 30 CM S/A  D T;;36.30;51.83;U
1062;PLATEAU CARRE 21*21 INOX 18/10;;26.05;31.32;U
1063;PLATEAU A THE INOX 18/10 A/C;;32.32;50.65;U
1064;PLATEAU 28/16 INOX 18/10 A/C;;41.81;63.07;U
1065;PLATEAU A CAKE INOX 18/10 A/C;;62.17;84.24;U
1066;PLATEAU OCTOGNAL INOX 18/10 A/C;;71.58;94.65;U
1067;PLATEAU CARRE 21/21 18/10 A/C;;43.11;67.95;U
1068;T;;6.94;9.03;U
1069;PLAT BLEU MAT REACTIF;;10.22;0.00;U
1070;BOL SALADE 23 BLEU MAT REACTIF;;0.00;0.00;U
1071;BOL BAS GRE VERT MAT REACTIF;;0.00;0.00;U
1072;LOT 3 PLATEAUX RECT INOX 30/35/40 AA;;114.54;157.44;U
1073;VERRE A EAU MENCIA;;2.26;3.21;U
1074;VERRE  MARTIG;;2.08;4.17;U
1075;SOUS TASSE;;7.35;0.00;U
1076;TASSE A MOKA;;7.97;0.00;U
1077;TASSE  SOUS  TASSE;;12.60;12.53;U
1078;PLATEAU EN BOIS CHENE FR 445*413*550;;82.11;164.22;U
1079;PATIN ROND ANTI-BRUIT 20 MM;;1.27;1.70;U
1080;PLAT OVALE EN CERAMIQUE T 1;;6.50;9.10;U
1081;PLAT OVALE EN CERAMIQUE T2;;3.80;6.42;U
1082;PLAT OVALE EN CERAMIQUE T3;;3.00;5.88;U
1083;BOL EN CERAMIQUE PM;;1.50;2.67;U
1084;ASSIETTE CREUSE EN CERAMIQUE;;2.90;4.49;U
1085;PLAT EN CERAMIQUES;;2.90;4.49;U
1086;RAVIER EN CERAMIQUE PM;;1.50;2.67;U
1087;MARBRE BLANC 218*20 CM;;21.78;36.65;U
1088;MARBRE BLANC DI 218*20 MM;;21.78;36.65;U
1089;MARBRE BLANC 530*162*20 MM;;24.75;41.89;U
1090;MARBRE NOIR MARQUINA 218*20 MM;;30.08;57.60;U
1091;MARBRE NOIR MARQUINA 265*325*20 CM;;23.37;81.16;U
1092;MARBRE NOIR MARQUINA 530*162*20 MM;;24.37;81.16;U
1093;PATIN ROND ANTI BRUIT 20 MM;;1.27;1.70;U
1094;LOW INOX POLI 218*H95;;0.00;0.00;U
1095;BOL EN MELAMINE 12 CM;;9.01;13.50;U
1096;LOUCHE A SOUPE 9;;10.71;13.00;U
1097;LOUCHE A SOUPE 10;;11.78;14.85;U
1098;CADRE DE VUE EN BOIS;;29.75;53.55;U
1099;PLATEAU CARRE 2121 A/C  AP NICKEL;;126.69;175.00;U
1100;PLATEAU CARRE 2121 A/P NICKEL;;101.24;149.00;U
1101;Plateau large Classique avec poignées teinte Noyer 60*40;;67.83;152.08;U
1102;Plateau moderne rectangle laqué noir a poignées 60*40;;64.26;143.99;U
1103;Plateau moderne carré laqué noir / poignées intégrés 40*40;;48.79;114.24;U
1104;Petit socle. Acajou teinte Noyer   / Bords extrémités incurv;;0.00;0.00;U
1105;PLATEAU CARRE 21*21 A/P DORE;;0.00;0.00;U
1106;PLATEAU CARRE 21*21 DORE A/P A/C;;105.84;151.25;U
1107;PLATEAU A THE 30 CM A ANSE INTEGREE;;24.31;34.76;U
1108;BOL A FRITS EN PORCELAINE;;2.98;4.20;U
1109;PLAT OVAL EN PORCELAINE;;12.49;14.53;U
1110;ASSIETTE DESSERT EN PORCELAINE;;4.28;5.29;U
1111;ASSIETTE PLATE EN PORCELAINE 28 CM;;9.16;10.54;U
1112;ASSIETTE A PASTA EN PORCELAINE;;15.00;19.52;U
1113;TASSE / SOUS TASSE EXPRESSO EN PORCELAINE;;5.00;6.36;U
1114;VERRE A VIN 42 CL AIREN;;2.60;4.28;U
1115;VERRE LONG DRING 30 CL ISLAND;;1.96;3.21;U
1116;VERRE A WISKEY 30 ISLAND;;1.96;3.15;U
1117;PLATEAU CHENE FRS 325*265*H75;;59.50;130.70;U
1118;PLATEAU CHENE FRD 325*265*H40;;53.55;119.50;U
1119;PLATEAU CHENE FRS 530*165*H40;;53.55;119.38;U
1120;PLANCHE CHENE FRS 530*165*H20;;29.75;79.55;U
1121;LARGE ROUND PLINTH CHENE FRS DI 32;;59.50;130.70;U
1122;STAND NOIR 530*160*95;;0.00;0.00;U
1123;STAND NOIR 530*165*185;;0.00;0.00;U
1124;PLATEAU RECTANGULAIRE 45 CM S/A;;57.45;0.00;U
1125;PLAT A POISSON 32CM T/P 5032;;9.00;16.35;U
1126;ASSIETTE EN MELAMINE DI 33;;9.10;14.99;U
1127;RAMQUIN  529 MELAMINE;;1.82;3.01;U
1128;TEBSI AVEC COUVERCLE GM EN CERAMIQUE;;30.00;42.80;U
1129;ASSIETTE EN MELAMINE DI 26 CM;;0.00;0.00;U
1130;ASSIETTE ROND DI 26 CM MELAMINE;;9.10;14.99;U
1131;ASSIETTE ROND 26 CM MELAMINE;;9.10;14.98;U
1132;SUPPORT INOX 46*36;;85.85;246.55;U
1133;SALON DE JARDIN 4 PLACES;;630.00;746.00;U
1134;ASS/ROND MILLAMINE NOIR 664;;15.58;21.81;U
1135;SALON SYPHAX 4 PLACES;;630.00;787.50;U
1136;TASSE MOKA T/P 1603309/3;;1.60;2.24;U
1137;SOUS TASSE MOKA 0103413 T/P;;2.10;2.94;U
1138;PLAT OVAL35 T/P 1601228/3;;7.25;10.15;U
1139;PLAT OVAL 33 1601233ND;;10.57;14.79;U
1140;ASSIETTE PLATE OVALE T/P 228ND;;8.50;11.90;U
1141;COUPE TRITON 30 CM;;0.00;0.00;U
1142;VERRE A EAU KARAT (WISKY);;2.17;3.50;U
1143;CHAISE LONGUE /TRANSAT PISCINE;;83.00;149.94;U
1144;CUILLERE A CAFE/THE INOX;;1.20;2.33;U
1145;PLATEAU RECT 40cm INOX 18/10 DORE;;79.97;98.82;U
1146;PLATEAU RECT 35cm INOX 18/10 DORE;;56.36;78.62;U
1147;BONBONNIERE COULEUR DE BOIS;;10.00;13.00;U
1148;CUILLERE A MOKA /EXPRESSO;;0.67;1.61;U
1149;VERRINE GASTRO;;2.32;3.51;U
1150;VERRINE AMUSE BOUCHE;;1.25;2.98;U
1151;VERRE A THE CANON;;2.10;3.60;U
1152;CARAFE AMPHORA  0.6;;6.90;11.19;U
1153;VERRE KAWA;;0.85;1.20;U
1154;PLATEAU RECTANGULAIRE 35  CM MA PL407905;;358.76;410.55;U
1155;PLATEAU RECTANGULAIRE 45 CM S/A  D T;;79.92;111.89;U
1156;PLATEAU RECT 45 CM INOX 18/10 DORE;;94.98;120.96;U
1157;PLATEAU RECTANGULAIRE 40 CM S/A D T;;64.91;96.00;U
1158;DESSUS DE TABLE RESTO-CARRE;;0.00;0.00;U
1159;DESSUS DE TABLE RESTO-RECT;;0.00;0.00;U
1160;SUPPORT SIGNALITIQUE;;416.50;654.50;U
1161;REMISE SUPPLEMENTAIRE;;0.00;0.00;U
1162;COFFRET FOND/COUVERCLE  600*400*10;;0.00;47.36;U
1163;COFFRET FOND/COUVERCLE 260*200*210;;0.00;33.91;U
1164;PLATEAU ROND 20 CM ANNEAU;;99.11;147.43;U
1165;COUPE RONDE AVEC PIEDS;;104.89;166.60;U
1166;BROC CLOUDIA;;0.00;0.00;U
1167;BROC CLOUDIA;;75.00;90.00;U
1168;SERVICE 7 PIECES (CARAFE + 6 VERRES );;65.00;95.00;U
1169;COFFRET MOTION 33491/290 ml ( 6 Verres );;29.00;37.50;U
1170;COFFRET CLOUDIA FLUT 280 CL;;45.00;60.00;U
1171;COFFRET 6 PIECES ANGELA;;30.00;45.00;U
1172;VASE FLIO;;20.00;35.00;U
1173;COFFRET 6 PCS COUPE A GLACE BOUHEMIA;;36.13;55.00;U
1174;PORTE SERVIETTE;;40.00;48.00;U
1175;BOUGOIR;;20.00;30.00;U
1176;CENDRIER 10 NOIR MAT;;3.20;4.50;U
1177;VERRE A PIED IMPERIAL 65 CL;;5.00;7.14;U
1178;VERRE A PIED IMPERIAL 47 CL;;4.00;6.19;U
1179;PLATEAU IMPERIAL ANSES DORE;;43.49;58.97;U
1180;VERRE A VIN EXECUTIVE 20 CL;;5.88;7.85;U
1181;PLANCHE 60*40 VERT;;91.03;118.35;U
1182;COFFRET 2 PIECES ANGELA;;0.00;16.81;U
1183;VERRE EXECUTIVE EAU 26 CL;;6.07;7.71;U
1184;VASQUE INOX A CHAMPAGNE DIM 40 CM H 24.5 CM;;283.72;354.65;U
1185;FOUET 25 CM INOX;;16.92;21.15;U
1186;FOUET 30 CM INOX;;19.50;24.38;U
1187;FOUET 40 CM INOX;;21.11;26.39;U
1188;CARAFE PASABACHE;;26.20;29.75;U
1189;EMPORTE PIECE;;0.00;13.09;U
1190;TABLE DE TRAVAIL TRITO EN BOIS;;89.25;164.22;U
1191;PLAT ROND 20 CM A/A ANNEAUX  NK;;74.33;96.60;U
1192;PLAT ROND 30 CM A/A ANNEAUX NK;;105.72;137.50;U
1193;COUPE CHOCOLAT 23CM NK;;89.10;116.00;U
1194;COUPE CHOCOLAT 18 CM NK;;68.54;92.50;U
1195;COUPE FEUILLE NK;;93.25;121.00;U
1196;COUPE RONDE A/PIEDS NK;;87.40;113.00;U
1197;COUPE STRIEE 16 CM NK;;42.31;55.00;U
1198;COUPE STRIEE 23 CM NK;;0.00;97.00;U
1199;PLTEAU RECTANGULAIRE 35 CM S/A  D T;;44.30;42.97;U
1200;PLATEAU RECT 30 cm INOX  DORE;;48.36;63.72;U
1201;VERRE A EAU B/P;;2.60;3.90;U
1202;PLATEAU A CAKE INOX 18/10 DORE A/C;;61.49;87.02;U
1203;TAJINE LASAGNE 10 CM;;2.00;4.38;U
1204;TAJINE LASAGNE 15 CM;;3.00;5.50;U
1205;MARMITE 40 CM * 25 CM 31 L;;237.00;416.50;U
1206;MARMITE 32 CM * 15 CM 11.6 L;;162.00;297.50;U
1207;CASSEROLE 24CM * 14 CM 6.2 L;;86.00;157.70;U
1208;CASSEROLE 28 CM * 16 CM 9.5 L;;109.00;190.40;U
1209;POELE  36*7.5 6L;;118.00;214.20;U
1210;P/T CAFE BLANC ISLAND 8203510;;4.04;6.07;U
1211;GOUBLET ISLAND FB 30 CL;;2.33;4.28;U
1212;TABSI GM EN CERAMIQUE;;8.00;13.50;U
1213;COUTEAU DE BOUCHER 18 CM;;0.00;18.00;U
1214;COUTEAU DE BOUCHER 16 CM;;0.00;16.00;U
1215;COUTEAU DE BOUCHER 30 CM;;0.00;33.00;U
1216;SHOP JARRAS (MOJITO);;4.50;6.16;U
1217;GOBELET ISLAND FB 30 CL (COULEUR);;2.34;0.00;U
1218;VERRE SCOTLAND V073040;;1.20;3.60;U
1219;VERRE OSLO 24 CL;;2.49;3.56;U
1220;VERRE OSLO 3;;0.80;2.92;U
1221;PLATEAU AZUR 40 CM INOX18/10;;61.60;0.00;U
1222;REPARATION MABKHARA;;100.00;297.50;U
1223;COFFRET 6 PCS COUPE A ZRIR;;43.00;55.00;U
1224;COFFRET 6 PCS VERRE A JUS 250 ml CLOUDIA;;43.00;55.00;U
1225;COFFRET 6 PCS VERRE A JUS 180 ml CLOUDIA;;43.00;55.00;U
1226;CARAFE A EAU;;30.00;60.00;U
1227;PLATEAU EN PLEXI ARGENT DORE;;41.89;52.36;U
1228;PORTE COUVERTS EN PLEXI ARGENT DORE;;17.02;21.27;U
1229;SOUS ASSIETTE 35 CM HALFA;;13.00;26.66;U
1230;SOUS ASSIETTE 30 CM HALFA;;10.00;19.99;U
1231;VERRE A THE ISTANBUL;;2.33;3.67;U
1232;CARAFE A JUS  TANDRA 1300 ML;;5.00;10.69;U
1233;PLATEAU AZUR 35CM INOX18/10 DORE;;64.96;77.22;U
1234;POIGNEE DE MEUBLE REF F-368 160 MM DOREE;;3.80;0.00;U
1235;VERRE A EAU MENCIA PM;;1.75;3.21;U
1236;GLASS WARE CARAFE A EAU;;30.00;67.83;U
1237;SET DE TABLE;;4.17;10.71;U
1238;VERRE A EAU 29 CL LONG DRINK;;2.00;3.45;U
1239;VERRE A EAU ALLEGRA;;2.17;3.80;U
1240;PLATEAU ANTIDERAPANT 45 CM F;;25.29;34.14;U
1241;PLATEAU ANTIDERAPANT 35 CM F;;6.00;8.00;U
1242;PLATEAU ANTIDERAPANT 40 CM;;18.00;28.58;U
1243;VERRE MARTINI ARCOROC;;4.03;6.23;U
1244;BAG GASTRONOM 1/1 200;;91.03;132.00;U
1245;COUVERCLE 1/1 BAG GAST;;51.18;74.20;U
1246;COUPE MARGARITA;;3.80;6.33;U
1247;VERRE A VIN CABERNET 47 CL LUMINA;;6.66;10.00;U
1248;RAMEQUIN EN MELAMIE;;6.17;9.51;U
1249;POIGNEE TUGBA 160 DORE (ATTIN 25 );;6.18;0.00;U
1250;POIGNEE TUGBA 128 DORE (ATTIN 50 );;4.87;0.00;U
1251;PRINCE MUG MIJTO VIVALTO;;4.25;6.16;U
1252;PANIER A PAIN EN BOIS D'OLIVE  18 CM;;22.00;38.08;U
1253;POELE ANTI ADHESIF TEFAL D30;;75.00;138.00;U
1254;A1177 POELE WORK PROLINE 32*6 CM 4.6 AVEC POIGNIER INOX;;90.95;131.88;U
1255;POELE A WOK ALU PROLINE 32*8.9 CM NOIR  A/P INOX A2838;;102.77;149.58;U
1256;ASSIETTE OVALE EN  PORCELAINE ZM;;21.42;29.99;U
1257;GASOIL SANS SOUFRE;;2.13;0.00;U
1258;RECHARGEMENT CARTE AUTOROUTES;;135.00;0.00;U
1259;AUTOCOLANT;;0.00;0.00;U
1260;FODEC;;0.00;0.00;U
1261;PLAT OVAL POISSON 70 CM INOX A/A;;76.72;91.29;U
1262;POIGNE EYMEN224 CP ( 50 ) INOX;;5.90;0.00;U
1263;POIGNE EYMEN 160 CP ( 50 ) INOX;;4.09;0.00;U
1264;PLATEAU RECT 30 CM INOX ARGENT;;44.08;49.68;U
1265;PLATEAU RECT 35 CM INOX ARGENT;;52.08;63.72;U
1266;PLATEAU RECT 40 CM INOX ARGENT;;75.03;84.24;U
1267;POUBELLE PEDALE 3 L;;26.77;36.89;U
1268;PLATEAU RECT 45 CM INOX ARGENT;;90.04;114.21;U
1269;PLANCHE A PIZZA D 32 CM;;0.00;66.64;U
1270;BOL EN BOIS D'OLIVE D 17.5 CM;;0.00;36.89;U
1271;BOLE EN BOIS SAPELLI D 16 CM;;0.00;41.65;U
1272;BOL EN BOIS SAPELLI D 17.5 CM;;0.00;44.98;U
1273;PLANCHE A DECOUPER BOIS D'OLIVE D 35 CM;;0.00;24.99;U
1274;CLOCHE POUR PLAT ROND 26 CM;;69.16;95.20;U
1275;RAVIER RUSTIQUE A 3 COMPARTIMENT BOIS D'OLIVE;;19.50;35.52;U
1276;PLANCHE COTE DE BOEUF 40 CM BOIS D'OLIVE;;18.50;30.82;U
1277;VERRE A WISKY VALSE FB 31.5 CL 42945;;2.27;3.50;U
1278;VERRE A EAU MENCIA 47 CL V405360;;2.05;3.80;U
1279;VERRE A PIED LIQUEUR ZAR 37 CL COK;;4.50;6.07;U
1280;VERRE A PIED FLUT MERLOT 15 CL V096241;;4.50;6.07;U
1281;MRACHE MM;;28.00;33.00;U
1282;POT A THE 5 L INOX;;51.00;68.00;U
1283;SUPPORT PETIT PLATEAU A/LOGO;;7.49;9.52;U
1284;SUPPORT GRAND PLATEAU A/LOGO;;8.69;10.71;U
1285;SUPPORT PETITE ASSIETTE S/LOGO;;5.00;6.54;U
1286;SUPPORT PETITE ASSIETTE A/LOGO;;5.95;7.38;U
1287;SUPPORT GRANDE ASSIETTE A/LOGO;;9.28;10.71;U
1288;SUPPORT EN U 10X10 H =5 CM A/LOGO;;4.52;5.95;U
1289;SUPPORT EN U 10X10 H =7 CM A/LOGO;;5.36;6.54;U
1290;SUPPORT EN U 10X10H=9 CM A/LOGO;;6.19;7.74;U
1291;SUPPORT EN U 13X13 H =5CM A/LOGO;;6.19;7.74;U
1292;SUPPORT EN U 13X13 H=7CM A/LOGO;;7.02;8.57;U
1293;SUPPORT EN U 13X13H = 9CM A/LOGO;;7.85;9.04;U
1294;SUPPORT EN U 20X15 H =10 CM A/LOGO;;12.14;14.88;U
1295;SUPPORT EN U 20X15 H =13 CM A /LOGO;;13.33;16.07;U
1296;SUPPORT DE  PRIX EN PLEXIGLACE;;1.78;2.62;U
1297;PLATEAU A TARTE 30 CM TD PL20D6906;;431.99;537.00;U
1298;PLATEAU A TARTE 35 CM TD PL206907;;518.38;644.00;U
1299;SUPPORT MENRGERE LARGEUR 20 CM;;10.12;11.90;U
1300;SUPPORT MENEGERE LARGEUR 25 CM;;11.90;13.69;U
1301;PLATEAU AZYR 30 CM INOX 18/10;;38.45;46.98;U
1302;CLOCHE AZYR 30 CM 8 PLIS;;27.04;40.56;U
1303;PLATEAU AZYR 30 CM INOX A/C;;65.82;92.02;U
1304;POIGNEE DE MEUBLE REF F-510.160 GOLD;;4.97;0.00;U
1305;POIGNEE DE MEUBLE REF-510.192 GOLD;;5.64;0.00;U
1306;POIGNEE DE MEUBLE REF-372.160 MM DOREE;;4.98;0.00;U
1307;POIGNEE DE MEUBLE REF-F 372.224 MM DOREE;;5.52;0.00;U
1308;PLATEAU 25 X 25 INOX A/C;;77.96;107.24;U
1309;CLOCHE 25*25;;21.60;32.40;U
1310;PLATEAU 25X25 INOX 18/10;;55.51;70.42;U
1311;PLATEAU LOSANGE DORE;;46.27;57.27;U
1312;PORTE SERVIETTE LOSANGE DORE;;9.16;11.45;U
1313;CENDRIER EN VERRE 10 CM;;2.00;3.15;U
1314;PRESENTOIR GM INOX 18/10;;111.09;132.84;U
1315;PRESENTOIR MM INOX 18/10;;81.88;111.24;U
1316;PRESENTOIR PM INOX 18/10;;74.32;88.56;U
1317;PORTE FRUITS SECS INOX 18/10;;49.78;62.64;U
1318;PLATEAU RECT 30 CM S/A D-G;;24.55;34.37;U
1319;PLATEAU RECT 35 CM S/A D-G;;30.69;42.97;U
1320;PLATEAU RECT 40 CM S/A D-G;;46.04;64.45;U
1321;PLATEAU RECT 45 CM S/A D-G;;57.55;80.56;U
1322;PLATEAU RECT 30 CM S/A D GOLD;;24.55;34.37;U
1323;POIGNEE EYMEN 160 MM DORE FDS;;5.33;5.33;U
1324;POIGNEE EYMEN 224 CM DOREE FDS;;7.62;0.00;U
1325;PLATEAU RECT 35 CM S/A D-GOLD;;30.96;43.34;U
1326;PLATEAU RECT 40 CM S/A D-GOLD;;46.04;64.45;U
1327;PLATEAU RECT 45 CM S/A D-GOLD;;57.55;80.56;U
1328;PLATEAU RECT 30 CM S/A EY ARG;;29.43;42.03;U
1329;PLATEAU RECT 35 CM S/A EY ARG;;36.49;48.00;U
1330;PLATEAU RECT 40 CM S/A EY ARG;;54.80;71.00;U
1331;PLATEAU RECT 45 CM S/A EY ARG;;68.58;96.00;U
1332;PLATEAU RECT 30 CM S/A EYMEN D;;29.43;42.03;U
1333;PLATEAU RECT 35 CM S/A EYMEN D;;36.49;48.00;U
1334;PLATEAU RECT 40 CM S/A EYMEN D;;54.80;71.00;U
1335;PLATEAU RECT 45 CM S/A EYMEN D;;68.58;96.00;U
1336;PLATEAU AZYR 35 CM S/A;;52.17;0.00;U
1337;SERVICE 24 PIECES CLOUDIA;;170.00;200.00;U
1338;VERRE A THE PRESTIGE P8539;;1.75;2.68;U
1339;VERRE A EAU ALLEGRA GAI365F;;2.35;3.57;U
1340;VERRE ISLANDE 30 CL ADA382Z;;1.75;3.57;U
1341;CARAFE D'EAU EN VERRE FON856-P;;5.50;8.33;U
1342;VERRE A EAU SALTO 32CL;;2.08;3.57;U
1343;VERRE A EAU ALMENIA 29CL;;4.67;3.57;U
1344;VAP 25 AMELIA K3;;4.67;3.57;U
1345;GOBLET ISLAND 29 CL;;2.17;3.57;U
1346;VERRE A PIED IMPERIAL 30CL;;2.25;3.57;U
1347;VERRE TULIPE FST593;;3.33;4.77;U
1348;VERRE A EAU CAPRI REN20;;2.91;3.57;U
1349;PLAT OVALE INOX 18/10;;34.51;41.65;U
1350;CARAFE EN VERRE 1L VRA889;;8.36;11.00;U
1351;COFFRET 6 PCS CLAUDIA 250 ML BOUHEMIA;;32.77;75.56;U
1352;COFFRET 6 PCS CLAUDIA 180 ML BOUHEMIA;;36.13;75.56;U
1353;PLATEAU  EN PLEXI PM 37*22*5;;32.13;41.77;U
1354;PLATEAU EN PLEX MM 41*26*5;;38.08;49.50;U
1355;PLATEAU EN PLEX GM 45*30*5;;41.65;54.15;U
1356;COFFRET 6 PCS CLAUDIA 230 ML BOUHEMIA;;42.50;50.00;U
2024/1357;RONDELLE PLATE INOX M4;;0.26;0.26;U
2024/1358;VIS T CHC 4/6 BONBE INOX;;0.11;0.00;U
1359;CASSEROLE 20 cm;;58.00;0.00;U
1360;POELE  24;;86.00;86.00;U
1361;PLATEAU AZYR 40 CM INOX DORE;;62.38;83.18;U
1362;ASSIETTE PLATE PARMA 31*31 BROMIOLI;;6.50;7.50;U
1363;EMBOUT 16*16 CARRE NOIR;;0.12;0.12;U
1364;FEUILLE PM EN MELAMINE NOIR;;2.69;0.00;U
1365;BOL 11 CM EN MELAMINE NOIR;;3.59;0.00;U
1366;COUPELLE COUPEE SQUAR;;4.04;0.00;U
1367;STAND NOIR 2 ETAGES;;32.00;77.00;U
1368;POIGNEE KILIC 160 CP;;2.81;2.81;U
1369;POIGNEE KILIC 224 CP;;3.89;0.00;U
1370;VERRE A THE;;1.33;1.92;U
1371;bonboniere;;18.00;22.00;U
1372;KARAF 1 L / 151;;27.50;30.50;U
1373;CUILLERE TABLE 060;;4.05;4.64;U
1374;FOURCHETTE TABLE 060;;4.05;4.64;U
1375;COUTEAU TABLE 060;;5.24;7.34;U
1376;CUILLERE DESSERT 060;;3.68;4.29;U
1377;FOURCHETTE DESSERT 060;;3.68;4.29;U
1378;COUTEAU DESSERT 060;;5.00;5.83;U
1379;CUILLERE A MOKA 060;;1.44;1.59;U
1380;CUILLERE A CAFE 060;;1.78;2.05;U
1381;VERRE 30 CL;;0.00;1.90;U
1382;VERRE 25 CL;;0.00;1.50;U
1383;FOURCHETTE TABLE 1301;;2.14;2.54;U
1384;COUTEAUX TABLE 1301;;4.49;4.76;U
1385;FOURCHETTE DESSERT 1301;;2.04;2.40;U
1386;COUTEAUX DESSERT 1301;;4.38;4.64;U
1387;PLANCHE A DECOUPER;;85.68;119.95;U
1388;POIGNEE DE MEUBLE REF F-368 128MM DOREE;;3.13;0.00;U
1389;VIS T.CHC 4/6 BOMBE INOX;;0.08;0.00;U
1390;VIS A-M TFC 4/8 INOX D7991;;0.09;0.00;U
1391;VERRE A DENT ( H 9.3 mm /D 7.8 mm );;2.20;3.59;U
1392;TECHWOOD-FER A VAPEUR;;0.00;197.06;U
1393;BOITE HERMETIQUE 500 ML;;4.50;5.50;U
1394;BOITE HERMETIQUE 750 ML;;5.50;6.50;U
1395;BOITE HERMETIQUE 1.2 L;;6.50;7.50;U
1396;BOITE HERMETIQUE 1.8 L;;7.50;8.50;U
1397;BOITE HERMETIQUE 2.5 L;;8.50;10.00;U
1398;GOBLET POLYC 27 CL;;0.00;1.88;U
1399;GOBLET POLYC 22 CL;;0.00;1.58;U
1400;PONT DE BAIGNOIRE EN BOIS HETRE;;77.35;166.60;U
1401;PANIER A LINGE RECTANGULAIRE;;35.70;63.07;U
1402;PLATEAU MODERNE 40*40 NOYER;;47.60;71.40;U
1403;PLATEAU MODERNE 50*30 NOYER;;47.60;71.40;U
1404;PLATEAU MODERNE 60*40 NOYER;;83.30;113.05;U
1405;GOUBELET POLYCARBONATE 22 CL;;1.15;1.63;U
1406;GOUBELET POLYCARBONATE 27 CL;;1.46;1.87;U
1407;FAB-PLATEAU 60*40 AVEC POIGNEE;;65.00;130.00;U
1408;FAB-PLATEAU 40*40;;40.00;71.40;U
1409;PLATEAU HEXAGONE 30 CM;;0.00;0.00;U
1410;PLATEAU HEXAGONE 35 CM D;;0.00;0.00;U
1411;PORTE SERVIETTES EN BOIS;;32.13;47.60;U
1412;VERRE SALAMBO II;;0.96;1.30;U
1413;FAB-PORTE SERVIETTE EN BOIS;;27.00;27.00;U
1414;ELELMENT MEUBLE EN BOIS;;0.00;1309.00;U
1415;POELE 24 CM;;0.00;107.10;U
1416;POELE 26 CM INOX;;0.00;113.05;U
1417;FER A VAPEUR;;0.00;196.35;U
1418;VIS A MTX TCY 4/08 D84 INOX;;0.18;0.00;U
1419;PLATEAU 40*40 EN BOIS;;40.00;71.40;U
1420;POIGNEE DE MEUBLE LUCIA GOLD 128 MM;;2.85;2.85;U
1421;POIGNEE DE MEUBLE SANTA GOLD 128 MM;;3.46;3.46;U
1422;POIGNEE DE MEUBLE SANTA GOLD 160 MM;;4.09;4.09;U
1423;POIGNEE DE MEUBLE SANTA GOLD 192 MM;;4.72;0.00;U
1424;FRAIS D'AASELBLAGE;;1.80;2.52;U
1425;REPARATION BUREAU EN BOIS;;150.00;297.50;U
1426;SERVICE A CAFE 12 PIECES;;78.82;95.85;U
1427;PORTE SACHET THE EN BOIS;;8.00;20.23;U
1428;BOL EN BOIS D'OLIVE D 20 CM;;27.14;46.89;U
1429;VERRE LONG DRING 31 CL;;2.00;4.17;U
1430;VERRE A EAU MILANO 38 CL;;2.50;4.12;U
1431;VERRE  PIED FLUT 18.5 CL;;2.50;4.25;U
1432;VERRE A PIED 47 CL;;3.58;6.90;U
1433;PLATEAU EN BOIS  42*32*4;;47.60;77.35;U
1434;PLATEAU EN BOIS  37*37*5;;47.60;77.35;U
1435;BATTREIE 8 PCS DORE;;400.00;450.00;U
1436;COUSCOUSIER 8L ARGENT;;140.00;185.00;U
1437;MILKPAN 2.0 L PERLA KORKMAZ;;63.33;104.30;U
1438;BOUILLOIRE 1 L TECHWOOD NOIR;;0.00;106.18;U
1439;TUBE ROND INOX 16 EP1-304L;;53.13;53.13;U
1440;BONBONNIERE AY4-1;;30.00;39.00;U
1441;BONBONNIERE AY4-3;;30.00;39.00;U
1442;PRESENTOIR PM EN BOIS A/CLOCHE;;35.00;45.50;U
1443;PRESENTOIR MM EN BOIS A/CLOCHE;;50.00;65.00;U
1444;PRESENTOIR GM EN BOIS A/CLOCHE;;55.00;71.50;U
1445;MEUBLE DE SALLE DE BAIN EN BOIS BLANC;;200.00;335.58;U
1446;BATTRIE 9PCS DORE;;340.00;380.00;U
1447;POELE 24CM INOX;;0.00;65.00;U
1448;POELE 28 CM INOX;;167.80;234.91;U
1449;CHARIOT DE SERVICE EN BOIS  2 NIVEAUX;;269.00;535.50;U
1450;SALIERE;;0.00;3.14;U
1451;HUILIER VINAIGRIER;;0.00;0.00;U
1452; POIVRIERE;;0.00;3.14;U
1453;VERRE LONG DRING;;2.30;4.17;U
1454;ROUE PIVOT GRISE 75 A TIGE T;;7.99;0.00;U
1455;ROUE PIVOT GRISE 75 TIGE T1;;6.02;6.02;U
1456;LARGE MEDIUM BLACK 320*320*H180;;77.35;116.02;U
1457;LARGE TALL BLACK 320*320*H265;;83.30;124.95;U
1458;LARGE LAW STAINLESS STEEL 320*320*H 95;;135.66;203.49;U
1459;SUPPORT A 2 ETAGES EN BOIS 574*323*H441;;142.80;214.20;U
1460;STAND INOX POLI 325 * 265 * H 180 mm;;146.37;219.56;U
1461;STAND INOX POLI 530 * 325 * H 180 mm;;190.00;285.00;U
1462;VERRE A PIED;;0.00;2.00;U
1463;REPARATION ARTICLES;;73.11;0.00;U
1464;PORTE PLATEAU EN BOIS;;79.50;169.57;U
1465;DIVERS ARTICLE;;0.00;0.00;U
1466;PLAT ROND 35 CM A/C;;67.00;95.00;U
1467;CLOCHE BOMBE 30 CM;;14.00;14.00;U
1468;PRESENTOIR 3 NIVEAUX INOX DORE;;216.00;404.60;U
1469;SHOP A BIERRE 34 CL;;0.00;5.36;U
1470;PRESENTOIR BUFFET EN MARBRE 6 PIECES;;0.00;1701.70;U
1471;BROC GPH84A;;12.00;15.80;U
1472;VERRE A PIED 48 CL VINA (CABARNET );;4.25;10.00;U
1473;VERRE A PIED 58 CL VINA (CABARNET);;4.50;10.38;U
1474;COUPE A GLACE GM;;5.30;6.54;U
1475;VERRE A EAU GRANITY 35 CL;;1.33;3.50;U
1476;VERRE MARTINI BISTRO;;3.60;4.80;U
1477;VERRE A COCKTAIL PINA COLADA;;3.75;4.00;U
1478;VERRE A VIN AMBER 36 CL;;4.10;4.80;U
1479;PLATEAU DE SERVICE PM;;4.00;5.00;U
1480;PLATEAU DE SERVICE GM;;5.00;6.00;U
YM-1021;RAMQUIN DOUBLE SIMPLE;;0.00;3.00;U
SK-163;RAMQIUN DOUBLE DESIGNE;;0.00;6.00;U
M-1001;RAMQUIN FEUILLE;;0.00;2.00;U
F155875;BOL MELAMINE;;0.00;12.00;U
B-188792;POELE A FRIRE MELAMINE;;0.00;9.00;U
0667-10;MOULE RECT SIMPLE;;0.00;5.00;U
0667-12;MOULE RECT AVEC MOTIF;;0.00;9.50;U
0667-11;MOULE RECT PM;;0.00;3.00;U
0667-13;MOULE A GATEAU ROND GM;;0.00;6.00;U
0667-14;MOULE A GATEAU PM;;0.00;5.00;U
8371-5;SAHFA EN BOIS T1;;0.00;1.50;U
8371-6;SAHFA EN BOIS T2;;0.00;2.50;U
8371-7;SAHFA EN BOIS T3;;0.00;3.50;U
8371-8;SAHFA EN BOIS T4;;0.00;4.50;U
8371-9;SAHFA EN BOIS T6;;0.00;17.00;U
8371-11;SAHFA EN BOIS T7;;0.00;20.00;U
GPG-L7HS;SERVICE A EAU 7PCS;;0.00;30.00;U
0895-1;GRILLADE TAILLE 36;;0.00;55.00;U
0651-4;PORTE LINGE LUNDRY;;0.00;23.00;U
0651-5;PORTE LINGE ROND;;0.00;40.00;U
0657-7;EGOUTOIRE 85CM GM;;0.00;48.00;U
0657-8;EGOUTOIRE SIMPLE FX04;;0.00;35.00;U
0661-1;EGOUTOIRE GRIS332S;;0.00;35.00;U
0657-3;SABOT ANTI VIBRATION;;0.00;3.00;U
8815-19;CUILLERE A TABLE DORE;;0.00;12.00;U
8815-20;FOURCHETTE A TABLE DORE;;0.00;12.00;U
8815-21;COUTEAU A TABLE DORE;;0.00;14.00;U
8815-22;CUILLERE A CAFE DORE;;0.00;9.00;U
1855-23;CUILLERE A THE DORE;;0.00;10.00;U
8815-24;FOURCHETTE A GATEAU DORE;;0.00;10.00;U
0671-32;EPULCHEUR LEGUME;;0.00;4.50;U
0671-22;PELLE ANSE BOIS;;0.00;2.50;U
0671-23;PELLE ANSE PLASTIC;;0.00;3.00;U
0671-30;CISEAU;;0.00;2.75;U
8815-23;CUILLERE DESSERT DORE;;0.00;10.00;U
0663-14;HOT POT 29CM;;0.00;26.00;U
0663-15;HOT POT 32CM;;0.00;28.00;U
0663-16;TAJINE INOX 26CM;;0.00;30.00;U
0663-17;TAJINE INOX 30CM;;0.00;35.00;U
0663-18;TAJINE INOX 32CM;;0.00;40.00;U
0663-24;TAJINE INOX ANSE DORE 37.5 CM;;0.00;65.00;U
0663-25;TAJINE INOX ANSE DORE 42.5 CM;;0.00;75.00;U
0661-8;PORTE LEGUME NOIR;;0.00;21.00;U
0661-13;PORTE LEGUME TRIANGLE NOIR;;0.00;16.00;U
0661-17;PORTE LEGUME DORE;;0.00;30.00;U
0661-11;PORTE LEGUME PM DORE;;0.00;18.00;U
8815-6;PINCE A SPAGHETTI;;0.00;3.00;U
8812-4;CHKALA INOX 70 CM;;0.00;46.00;U
8812-3;CHKALA INOX 65 CM;;0.00;40.25;U
8812-1;CHKALA INOX 55 CM;;0.00;27.50;U
8810-4;PLANCHE PM;;0.00;6.33;U
8810-5;PLANCHE MM;;0.00;7.50;U
8810-6;PLANCHE GM;;0.00;10.35;U
8800-15;PANIER FRITE GM;;0.00;4.00;U
8800-11;SOUS PLAT BOIT /METAL;;0.00;5.20;U
0657-9;SECHOIRE A LINGE;;0.00;40.00;U
2341-1;COUTEAU DE TABLE;;0.00;13.00;U
2341-2;CUILLERE A TABLE;;0.00;6.50;U
2341-3;FOURCHETTE A TABLE;;0.00;6.50;U
2341-4;CUILLERE A CAFE;;0.00;5.00;U
2341-5;CUILLERE A THE;;0.00;5.50;U
2341-6;FOURCHETTE A GATEAU;;0.00;5.50;U
L3326M;PLATEAU RECT PP 33/26 CM;;0.00;5.00;U
L4030M;PLATEAU RECT PP 40/30 CM;;0.00;6.00;U
8795-6;THERMOSE 1.6L;;0.00;27.60;U
8795-10;THERMOSE 3L6;;0.00;55.00;U
8796-15;PASSOIRE CARRE EN SILICONE;;0.00;2.90;U
8796-53;GANT POUR FOUR SILICONE;;0.00;7.50;U
8796-38;MOULE A CAKE YH002;;0.00;4.60;U
8800-8;PORTE ROULEAU EN METAL;;0.00;4.60;U
8391-2;VERRE A PIED DORE;;0.00;4.00;U
8815-4;PINCE A PAIN;;0.00;4.50;U
0671-25;RAPE FROMAGE;;0.00;7.00;U
0651-5 T1;CORBEILLE PM;;0.00;25.00;U
8813-10;LOUCHE INOX;;0.00;5.50;U
8818-10;MARTEAU BOIS;;0.00;2.50;U
0671-13;PASSOIRE PLASTIQUE;;0.00;2.50;U
8817-1;SOUS PLAT;;0.00;2.80;U
0667-7;PASSOIR INOX SET 3;;0.00;6.00;U
8796-31;MOULE A CAKE ROND;;0.00;6.90;U
8796-9;FOUET SILICONE;;0.00;2.30;U
8796-6;SPATULE SILICONE;;0.00;2.50;U
8796-8;PINCEAU YH-608;;0.00;1.50;U
8796-40;MOULE GATEAU PM;;0.00;570.00;U
8815-5;PRESSE AIL;;0.00;3.45;U
8796-10;MOULE A GATEAU AVEC FORME;;0.00;4.60;U
8813-19;COUTEAU LEGUME;;0.00;2.30;U
0652-1;DISTIBUTEUR GEL DOUBLE;;0.00;13.00;U
0652-2;DISTIBUTEUR GEL SIMPLE;;0.00;8.00;U
8818-1;HUILIER INOX;;0.00;4.50;U
8818-3;HUILIER PLASTIQUE;;0.00;3.00;U
0657-1;SUPPOER METAL;;0.00;4.50;U
0651-2;PORTE LINGE LUNDRY T2;;0.00;26.00;U
8813-11;LOUCHE INOX;;0.00;5.00;U
8813-6;LOUCHE ANSE PLASTIQUE;;0.00;5.50;U
YM13-11;TAPIS;;0.00;8.00;U
YM9-8;BOUTEILLE DEAU;;0.00;5.00;U
YM9-2;THERMOSE HELLO KITTY;;0.00;8.00;U
YM9-19;THERMOSE SIMPLE;;0.00;16.00;U
YM9-18;THERMOSE BLANC 480ML;;0.00;11.00;U
YM11-9;BOX LUNCH SIMPLE;;0.00;9.00;U
YM11-8;BOX LUNCH TONG-FENG;;0.00;12.00;U
YM11-7;BOX LUNCH CHEESE;;0.00;12.00;U
YM11-6;BOX LUNCH TIANMA;;0.00;12.00;U
YM11-3;BOX LUNCH ROND;;0.00;7.00;U
YM11-5;BOX LUNCH 2 COMPARTIMENTS;;0.00;10.00;U
YM11-4;BOX LUNCH 3 COMPARTIMENTS SIMPLE;;0.00;10.00;U
671-30;CISEAU BLEU;;0.00;3.00;U
0651-1;PORTE LINGE LUNDRY T3;;0.00;30.00;U
0659-18;LOT 3 POELE;;0.00;55.00;U
0671-15;PASSOIRE PLASTIQUE T3;;0.00;1.75;U
0671-24;RAPE FROMAGE NOIR T1;;0.00;6.75;U
0671-27;RAPE FROMAGE;;0.00;6.50;U
0671-26;RAPE FROMAGE;;0.00;6.50;U
0671-29;RAPE FROMAGE PM NOIR;;0.00;6.00;U
8796-30;PINCEAU YH-254;;0.00;2.50;U
0671-14;PASSOIRE PLASTIQUE PM;;0.00;1.00;U
0671-16;PASSOIRE PLASTIQUE MM;;0.00;1.25;U
0651-3;PORTE LINGE LUNDRY T1;;0.00;24.00;U
93015;THERMOSE 0.15L;;0.00;10.00;U
93023;THERMOSE 0.23L;;0.00;11.00;U
93045;THERMOSE 0.45L;;0.00;12.00;U
2888C-13;THERMOSE 1.3L;;0.00;23.00;U
8800-14;PANIER FRITE ROND;;0.00;4.50;U
8800-13;PANIER FRITE CARRE PM;;0.00;4.00;U
8810-16;PLANCHE A DECOUPER 24/35;;0.00;10.00;U
8810-14;PLANCHE A DECOUPER 20/31;;0.00;8.50;U
8810-20;PLANCHE A DECOUPER 24/34;;0.00;7.50;U
8810-21;PLANCHE A DECOUPER 26/36;;0.00;8.50;U
8810-22;PLANCHE A DECOUPER 28/38;;0.00;9.50;U
8810-27;PLANCHE A PIZZA 28/38;;0.00;7.00;U
8810-28;PLANCHE A PIZZA 33/43;;0.00;9.00;U
8818-15;COUPE PIZZA;;0.00;4.00;U
8391-3;SERVICE A THE 6PCS;;0.00;21.00;U
0671-11;KALKAL PM;;0.00;4.00;U
0671-12;KALKAL GM;;0.00;4.50;U
0663-26;CENDRIER METAL 12CM;;0.00;0.50;U
C12025;CENDRIER BOMBE T1;;0.00;3.00;U
C22025;CENDRIER BOMBE T2;;0.00;3.50;U
C32025;CENDRIER BOMBE T3;;0.00;4.00;U
C1-12025;CENDRIER ROND T1;;0.00;1.50;U
C1-22025;CENDRIER ROND T2;;0.00;2.00;U
C1-32025;CENDRIER ROND T3;;0.00;2.50;U
C1-42025;CENDRIER ROND T4;;0.00;3.00;U
0670-4;COUTEAU A TABLE;;0.00;13.00;U
8795-14;THERMOSE 0.23L;;0.00;11.00;U
8795-1;THERMOSE DRMW100;;0.00;23.00;U
H160312;PLATEAU 8375-2;;0.00;18.00;U
F174011;PLATEAU 8375-79;;0.00;21.00;U
YM23046;BOL FLEUR 8375-32;;0.00;6.00;U
YM1021;RAMQUIN DOUBLE 8375-45;;0.00;3.00;U
M1001;RAMQUIN SAUCE 8375-53;;0.00;2.00;U
F 155 875;BOL 8375-36;;0.00;12.00;U
Y5304B;RAMQUIN SAUCE BLANC 8375-104;;0.00;4.00;U
XSP10090;ASSIETTE PM 8375-95;;0.00;16.00;U
XSP10110;ASSIETTE GM 8375-96;;0.00;24.00;U
Y054;RAMQUIN BLANC 8375-105;;0.00;4.00;U
D27;SAUCIER 8375-107;;0.00;6.00;U
T047;RAMQUIN DOUBLE BLANC 8375-112;;0.00;3.00;U
13202-23;RAMQUIN SAUSE BLANC 8375-106;;0.00;3.00;U
Y063;RAMQUIN BLANC 8375-101;;0.00;3.50;U
Y061;RAMQUIN SAUCE BLANC 8375-98;;0.00;3.00;U
Y062;RAMQUIN SAUCE BLANC T2 8375-99;;0.00;5.00;U
M1030;BOL OBLIQUE 8375-28;;0.00;4.00;U
YM2325;BOL NOIR ZEN8375-57;;0.00;4.00;U
YM101;PLAT A TREMPETTE 8375-38;;0.00;2.00;U
YM67621;GOBLET A FRITE 8375-26;;0.00;8.00;U
F161865;COUPELLE OVAL 8375-58;;0.00;5.00;U
F180306;POELE MELAMINE 8375-70;;0.00;16.00;U
YM295;ASSIETTE IRREGULIER T1 8675-59;;0.00;2.50;U
YM2965;ASSIETTE ERRIGULIER 8375-60;;0.00;3.00;U
YM140083;BOL 8375-41;;0.00;2.00;U
YM40030;RAMQUIN 8375-39;;0.00;2.00;U
F159049;PLATEAU INCURVE 8375-62;;0.00;4.50;U
MS214;ASSIETTE OVAL 8375-83;;0.00;6.00;U
YM14009;ASSIETTE A TREMPETTE PM 8375-37;;0.00;3.00;U
H161810ASSIETTE ERRI;GULIER 8375-10;;0.00;18.00;U
S89011;ASSIETTE JAPONAIS 8375-74;;0.00;9.00;U
F172012;PLATEAU BATEAU T1 8375-77;;0.00;13.00;U
MS191;PLATEAU RECT 8375-78;;0.00;14.00;U
M1022;RAMQUIN NOIR ROUBLE 8375-44;;0.00;6.00;U
M848-11;PLATEAU RECT 8375-5;;0.00;24.00;U
YM298;ASSIETTE IRREGULIER T3 8375-61;;0.00;5.00;U
F158675;ASSIETTE POLYVALANT 8375-76;;0.00;8.00;U
YM9-26;THERMOSE COLORE;;0.00;8.00;U
YM15-5;TAPIS;;0.00;4.50;U
YM15-9;TAPIS SIMPLE;;0.00;8.00;U
YM13-14;TAPIS ABSORBANT;;0.00;18.00;U
2341-05;CUILLERE A JUS;;0.00;5.75;U
8375-55;GOBLET A FRITTE T2;;0.00;3.00;U
8375-56;GOBLET A FRITTE T1;;0.00;2.00;U
8796-44;MOULE A GATEAU FORME OURS;;0.00;6.00;U
8818-14;BOUTEILLE SOUPLE PM;;0.00;1.00;U
8376-1;CAFITIERE 3 CUP;;0.00;21.00;U
8376-2;CAFITIERE 6 CUP;;0.00;24.00;U
8372-2;PLANCHE A DECOUPER EN PLASTIQUE;;0.00;4.00;U
8372-1;PLANCHE A DECOUPER DOUBLE;;0.00;6.50;U
8372-3;PLANCHE A DECOUPER AVEC RAPE;;0.00;6.00;U
0661-5;PORTE LEGUME 2 ETAGES NOIR;;0.00;16.00;U
0661-16;PORTE LEGUME TRIANGLE 3 ETAGES;;0.00;25.00;U
2500-1;SERIE 6 PCS SAHFA BOIS;;0.00;95.00;U
YM6-5;SERIE PLATEAU ACLERIQUE ANSE BOIS;;0.00;30.00;U
YM5-9;CAFETIERE INOX 4 TASSES;;0.00;14.00;U
YM5-11;CAFETIERE INOX 6 TASSES;;0.00;16.00;U
YM5-12;CAFETIERE INOX 9 TASSES;;0.00;21.00;U
M321;TASSE EN MELAMINE;;0.00;3.00;U
YM104;RAMQUIN FEUILLE;;0.00;2.00;U
F15909;RAMQUIN CARRE;;0.00;2.00;U
YM33465;BOL EN MELAMINE;;0.00;2.50;U
YM713A;BOL EN MELAMINE T2;;0.00;3.00;U
0656-2;PORTE SERVIETTE MURAL;;0.00;12.00;U
0656-3;PORTANT MULTIFONCTIONNEL;;0.00;18.00;U
0656-4;STORAGE BASKET;;0.00;8.00;U
0656-5;MULTI FONCTIONAL STORAGE;;0.00;24.00;U
0657-5;RANGEMENT AU-DESSUS DES TOILETTE;;0.00;9.00;U
0657-10;EGOUTOIRE PLASTIQUE;;0.00;14.00;U
0657-11;SUPPOER RANGEMENT DE COIN;;0.00;35.00;U
0657-13;MEUBLE DE COIN;;0.00;12.00;U
0657-14;SUPPORT RANGEMENT EN PLASTIQUE;;0.00;12.00;U
0667/7;PASSOIRE INOX ANCE BOIS 18CM;;0.00;4.00;U
0667-8;PASSOIRE INOX ANCE BOIS 21CM;;0.00;5.00;U
0667-9;PASSOIRE INOX ANSE BOIS 24CM;;0.00;6.00;U
0671-3;BOUTEILLE A HUILE PM;;0.00;4.00;U
0671-4;BOUTEILLE A HUILE GM;;0.00;5.00;U
0671-5;POT A SEL;;0.00;1.50;U
0671-6;BROSSE METALLIQUE;;0.00;1.50;U
0671-31;CISEAU MIBAS;;0.00;3.00;U
8796-11;ANTI CHALEUR SILICONE GM;;0.00;2.50;U
8796-12;ENTONNOIRE EN SELICONE;;0.00;1.00;U
8796-14;ANTI CHALEUR SELICONE GM;;0.00;2.50;U
8796-13;ANTI CHALEUR SELICONE PM;;0.00;1.50;U
8796-23;DESSOUS DE PLAT SELICONE CARRE;;0.00;2.50;U
8796-29/34;MOULE A GATEAU SELICONE;;0.00;6.00;U
8796/40;MOULE A GATEAU DE 6 EN SELICONE;;0.00;4.00;U
8796-45;MOULE A GATEAU SELICONE DE 10;;0.00;4.00;U
8796-46;MOULE A GATEAU FORME POISSON;;0.00;4.00;U
8796/10;MOULE SELICONE PM;;0.00;0.50;U
8796-50;MOULE SELICONE FORME FLEUR DE 6;;0.00;4.00;U
8796-56;MOULE A CAKE RECT EN SELICONE;;0.00;5.00;U
8800-16;SUPPORT TASSE;;0.00;5.50;U
8802-1;KIT DE PELLE COUTEAU 2PCS;;0.00;4.50;U
0651/1;DISTRIBUTEUR GEL H-17;;0.00;8.00;U
0652/2;DISTRIBUTEUR GEL DOUBLE;;0.00;13.00;U
0652/3;DISTRIBUTEUR GEL E03;;0.00;10.00;U
0652-4;DISTRIBUTEUR GEL TZ-8608;;0.00;9.00;U
0652/5;DISTRIBUTEUR GEL H-21;;0.00;8.00;U
8810-1;PLANCHE BOIS FORME T1;;0.00;6.50;U
8810-2;PLANCHE BOIS FORME T2;;0.00;8.00;U
8810-3;PLANCHE BOIS FORME T3;;0.00;12.00;U
8810-13;PLANCHE BOIS RECT 18*28;;0.00;7.00;U
8810-15;PLANCHE BOIS RECT 22*33;;0.00;9.50;U
8817-7;SET DE TABLE;;0.00;2.50;U
0652/1;DISTRIBUTEUR GEL H-17;;0.00;0.00;U
2025/2553;TOTALITE;;0.00;8630250.00;U
0665-1;PORTE PAPIER;;0.00;4.50;U
0665-2;SOUS TASSE BOIS;;0.00;5.00;U
0667-2;PASSOIR PM 7CM;;0.00;1.00;U
0667-27;POSE CUILLERE SELICONE;;0.00;2.00;U
0671-7;MOULE CAKE BRONZE 20*6;;0.00;6.00;U
0671-9;MOULE CAKE GRIS 27*8;;0.00;7.00;U
0667-17;MOULE A TARTE 22CM;;0.00;6.50;U
0667-18;MOULE A TARTE 26CM;;0.00;7.50;U
0667-19;MOULE A TARTE 30CM;;0.00;8.50;U
8800-19;SET DE PIECE A SERVIR SELICONE;;0.00;45.00;U
8810-26;PLANCHE A DECOUPER ROND 30*30;;0.00;8.00;U
8818-11;CUILLERE A MIEL;;0.00;3.00;U
8818-21;LOT DE 12 COUTEAUX;;0.00;7.50;U
2334-1;RAPE SALADE PM;;0.00;4.50;U
2337-5;RAPE SALADE GM;;0.00;6.50;U
2337-2;HACHOIRE SALADE MANUELLE;;0.00;7.50;U
2025/2570;SERIE DE 36 PCS COUVERT DORE;;0.00;60.00;U
GPH28/L7H7;SERVICE A EAU 7 PCS;;0.00;30.00;U
QY3511B-7;SERVICE A EAU 7 PCS;;0.00;30.00;U
2025/2573;SERVICE A EAU 7 PCS NOIR / DORE;;0.00;25.00;U
2025-S6810;WOODEN RECT BOL;;0.00;8.00;U
0669-5;PLANCHE A DECOUPER PLASTIQUE;;0.00;3.50;U
2337-1;HACHOIRE S/M MANUELLE;;0.00;7.50;U
0671-2;PRESSE A GRUME;;0.00;3.00;U
2025/2578;MOULIN A POIVRE PM;;0.00;7.00;U
2025/2579;MOULIN A POIVRE GM;;0.00;5.00;U
2025/2580;FRIGO VERRE;;0.00;16.00;U
2025/2581;SERIE BOITE PLASTIQUE;;0.00;6.50;U
2025/2582;SERIE 3 PLATEAU EFFET BOIS;;0.00;30.00;U
2025/2583;VERRE EXECUTIVE 27CL;;0.00;5.20;U
2025/2584;VERRE EXECUTIVE 20CL;;0.00;4.70;U
2025/2585;VERRE EXECUTIVE 20CL;;0.00;4.70;U
2025/2586;VERRE EXECUTIVE 27CL;;0.00;5.20;U
2025/2587;CAFETIERE 3TASSES;;0.00;23.00;U
2025/2588;CAFETIERE 6TASSES;;0.00;26.00;U
2025/2589;TASSE A BOIRE;;0.00;8.50;U
2025/2590;POELE 26CM;;0.00;35.00;U
2025/2591;POELE 24CM;;0.00;31.00;U
8810-24;PLANCHE 25*25;;0.00;7.50;U
8813-1;CUILLERE ZRIRE;;0.00;5.50;U
8813-4/14;SET 3 COUTEAU;;0.00;4.50;U
8813-5;COUTEAU A PAIN;;0.00;2.50;U
8813-18;6 COUTEAU LEGUME T4;;0.00;13.50;U
8796-17;PASSOIRE AVEC ANSE PLASTIQUE;;0.00;3.50;U
2337-9;HACHOIRE LEGUME;;0.00;7.00;U
8815-13;COUTEAU A TABLE DORE 8815-13;;0.00;15.50;U
2025/2600;FOURCHETTE A TABLE DORE 8815-14;;0.00;14.00;U
2025/2601;CUILLERE A TABLE 8815-15;;0.00;14.00;U
2025/2602;FOURCHETTE DESSERT 8815-16;;0.00;13.00;U
2025/2603;CUILLERE A THE 8815-17;;0.00;13.00;U
2025/2604;CUILLERE A CAFE 8815-18;;0.00;10.00;U
2025/2605;PRESENTOIRE GATEAU GM;;0.00;38.50;U
2025/2606;PRESENTOIRE GATEAU PM;;0.00;33.50;U
2025/2607;COUSCOUSIER 6L;;0.00;90.00;U
2025/2608;ENSEMBLE D'ACCESSOIRE SALLE DE BAIN;;0.00;41.50;U
2026/2609;SHOP;;0.00;3.50;U
2026/2610;CORBEILLE MM;;0.00;6.50;U
2026/2611;ZAZOI;;0.00;20.00;U
2026/2612;PACK SALLE DE BAIN;;0.00;45.00;U
2026/2613;LOT DE 5 CUVETTE INOX;;0.00;30.00;U
2026/2614;PRESSE AIL;;0.00;12.00;U
2026/2615;OUVRE BOITE;;0.00;8.00;U
2026/2616;CORBEILLE AVEC TESSUE;;0.00;7.00;U
2026/2617; PLAT FOUR PM;;0.00;9.50;U
2026/2618;PLAT FOUR;;0.00;9.50;U
2026/2619;PLAT FOUR RECT;;0.00;14.00;U
2026/2620;EPULCHEUR POISSON;;0.00;7.00;U
2026/2621;TASSE SOUS TASSE DORE;;0.00;40.00;U
2026/2622;TASSE SOUS TASSE FLEURIE;;0.00;45.00;U
2026/2623;SERIE CUVETTE INOX 60/70/80;;0.00;125.00;U
2026/2624;SALADIER;;0.00;7.00;U
2026/2625;THEIERE INOX 5L;;0.00;45.00;U
2026/2626;ROULEAU NAPPE 20M;;0.00;120.00;U
2026/2627;ASSIETTE CREUSE 9 DORE;;0.00;5.00;U
2026/2628;CUVETTE INOX 36CM;;0.00;20.00;U
2026/2629;CUVETTE INOX 40CM;;0.00;22.00;U
2026/2630;CUVETTE INOX 44CM;;0.00;26.00;U
2026/2631;PLATEAU FOUR CARRE;;0.00;6.00;U
2026/2632;PLAT FOUR ROND;;0.00;5.50;U
2026/2633;DOSEUR T2;;0.00;7.00;U
2026/2634;DOSEUR T3;;0.00;7.50;U
2026/2635;DOSEUR T4;;0.00;9.00;U
2026/2636;ASSIETTE DESSERT CERAMIQUE 17CM;;0.00;3.50;U
2026/2637;PAILLE EN VERRE;;0.00;6.00;U
2026/2638;PLANCHE MELAMINE;;0.00;8.50;U
2026/2639;PLANCHE MELAMINE GM;;0.00;17.00;U
2026/2640;PLANCHE AVEC MANCHE PM;;0.00;7.50;U
2026/2641;PLANCHE AVEC MANCHE GM;;0.00;8.50;U
2026/2642;DOSEUR 125 ML;;0.00;9.00;U
13020-8;CUVETTE INOX AVEC COUVERCLE;;0.00;20.00;U
13020-9;CUVETTE INOX AVEC COUVERCLE 40CM;;0.00;22.00;U
2026/2645;CUILLERE EN BOIS;;0.00;3.50;U
2026/2646;CUILLERE A TABLE DAMAA;;0.00;4.00;U
2026/2647;SET PELLE COUTEAU;;0.00;4.50;U
2026/2648;MIROIRE MAKE-UP;;0.00;10.00;U
2026/2649;POT A LAIT;;0.00;15.00;U
2026/2650;SET 3 SALADIER;;0.00;40.00;U
2026/2651;PLATEAU RECT PVC;;0.00;19.00;U
2026/2652;PLATEAU DE CUISSON;;0.00;22.00;U
2026/2653;BOITE CONGILATEUR PLASTIQUE;;0.00;7.50;U
ADL1-55;SALADIER 22CM;;0.00;12.00;U
ADL1-56;SALADIER 26CM;;0.00;14.17;U
ADL1-57;SALADIER 30CM;;0.00;17.44;U
ADL6-1;CORBEILLE RECT;;0.00;6.54;U
ADL6-3;CORBEILLE A PAIN PM;;0.00;4.91;U
ADL6-4;CORBEILLE  MM;;0.00;5.45;U
ADL6-5;CORBEILLE A PAIN O/C/R GM;;0.00;6.00;U
ADL6-6;CORBEILLE A PAIN BATEAU PM;;0.00;6.00;U
ADL6-7;CORBEILLE A PAIN BATEAU MM;;0.00;6.54;U
ADL6-13;CORBEILLE A PAIN ROTIN PM;;0.00;6.54;U
ADL6-14;CORBEILLE A PAIN ROTIN MM;;0.00;7.08;U
ADL6-15;CORBEILLE A PAIN ROTIN GM;;0.00;8.18;U
ADL4-13;VAPORISATEUR D'HUILE EN VERRE;;0.00;2.18;U
ADL4-17;HUILIER AVEC BEC VERSEUR 300ML;;0.00;4.36;U
ADL4-16;HUILIER AVEC BEC VERSEUR 200ML;;0.00;3.27;U
ADL4-42;CISEAU GF4;;0.00;3.81;U
ADL4-44;CISEAU GK3;;0.00;7.08;U
ADL9-1/2;MIROIRE DE MAQUILLAGE F1;;0.00;13.08;U
ADL9-5/6;MIROIRE DE MAQUILLAGE F2;;0.00;10.90;U
ADL9-6/13;MIROIRE DE MAQUILLAGE F3;;0.00;9.81;U
ADL2-18;BROC EN VERRE AVEC COUVERCLE;;0.00;14.17;U
ADL11-3;ENSEMBLE ASSESOIRE SALLE DE BAIN;;20.00;30.00;U
ADL11-17;TAPIS ANTIDERAPANT;;0.00;13.08;U
14106-5/4;DESSOUS DE PLAT EN METAL;;0.00;3.27;U
14101-4;CUILLERE A SERVIR TOP CHOICE;;0.00;6.00;U
14101-14;FOUET TOP CHOICE;;0.00;4.36;U
14101-17;SPRAY GM;;0.00;5.45;U
14101-1;LOUCHE TOP CHOICE;;0.00;6.00;U
14101-12;ECUMOIRE TOP CHOICE;;0.00;6.00;U
14101-3;SPATULE TOP CHOICE;;0.00;6.00;U
1839-5;PINCE BARBECUE;;0.00;2.73;U
1839-3;COUTEAU DE CUISINE S/STEEL;;0.00;1.37;U
1842-1/5;BONBONIERE PM;;0.00;3.27;U
1842-7/8;SET 3PCS BOITE EN VERRE;;0.00;19.62;U
1842-10;SET DE 6PCS BOITE EN VERRE;;0.00;29.45;U
13142-5;ENSEMBLE SALLE DE BAIN 4PSC;;0.00;18.00;U
YM31-57/64;SET 6PCS COUTEAUX;;0.00;4.36;U
YM31-65;SET 3PCS COUTEAUX;;0.00;3.27;U
YM31-109;COUTEAU LEGUME T2;;0.00;1.36;U
YM34-5;SET 3PCS PIECES A SERVIRE SELICONE;;0.00;9.27;U
YM31-73;SET 4PCS COUTEAUX;;0.00;2.75;U
YM31-77;COUTEAU LEGUME T3;;0.00;1.64;U
8388-25;BOITE DE NAISSANCE;;0.00;1.10;U
8388-26;BOITE DE NAISSANCE;;0.00;1.00;U
8388-37;BOITE DE NAISSANCE;;0.00;900.00;U
8388-42;ARTICLE DE NAISSANCE;;0.00;0.75;U
8388-47;ARTICLE DE NAISSANCE;;0.00;0.65;U
2026/2701;VERRE CHOCOLAT CHAUD;;0.00;12.50;U
2026/2702;RAVIER -SALADIER MELAMINE;;0.00;14.50;U
13924-3;MENAGERE 24PCS BRONZE;;0.00;35.60;U
13924-4;MENAGERE 24PCS DORE;;0.00;43.60;U
YM102-3;SET D'ESSTENTILLE DE CUISINE;;0.00;49.00;U
YM96-25;PLANCHE EN BOIS 20/30/1CM;;0.00;6.60;U
YM96-26;PLANCHE EN BOIS 25/35/1CM;;0.00;7.70;U
YM96-22;PLANCHE EN BOIS 20/28;;0.00;7.70;U
YM96-23;PLANCHE EN BOIS 26/33;;0.00;8.80;U
YM96-28;PLANCHE EN BOIS 32/22;;0.00;7.10;U
YM101-1;PLANCHE EN BOIS RECT 18/28;;0.00;7.10;U
YM85-1;PLANCHE EN BOIS ANTI DERAPANT PM;;0.00;7.80;U
YM85-2;PLANCHE EN BOIS ANTI DERAPANT GM;;0.00;8.80;U
2026/2714;PLANCHE AVEC ANSE 36/20/48;;0.00;8.80;U
2026/2715;PLANCHE EN BOIS DESIGNE;;0.00;10.35;U
ADL1-59;CUVETTE INOX 24CM;;0.00;4.50;U
14103-12;CUVETTE INOX 32CM;;0.00;4.50;U
14103-4;CUVETTE INOX 36CM;;0.00;5.50;U
14103-5;CUVETTE INOX 42CM;;0.00;6.50;U
8388-35;BOITE DE NAISSANCE EN PLASTIQUE;;0.00;1.40;U
8388-34/35/36;BOITE DE NAISSANCE EN PLASTIQUE GM;;0.00;1.40;U
8388-37/38/39/40;ARTICLE DE NAISSANCE EN PLASTIQUE MM;;0.00;0.90;U
8388-7/3;ARTICLE DE NAISSANCE EN CARTON;;0.00;0.30;U
8388-46/47;CONTENANT A DRAGEES EN PLEXI;;0.00;0.65;U
2026/2725;GLASSWEAR;;0.00;12.50;U
2026/2726;OPAL GLASS;;0.00;3.27;U
13078-7;POT A MIEL;;0.00;9.50;U
13942-3;ROULEAU FALFOULA;;0.00;2.00;U
13927-16;CUILLERE STITCH;;0.00;12.00;U
ADL11-23;RIDEAU SALLE DE BAIN;;0.00;5.50;U
2026/2731;PAPIER AIR FRAYER;;0.00;3.50;U
2026/2732;COUPE OEUF;;0.00;2.00;U
2026/2733;VERRE STITCH;;0.00;5.70;U
2026/2734;TAPIS CHAMBRE ENFANT;;0.00;8.00;U
2026/2735;TAPIS D'ENTREE;;0.00;12.00;U
2026/2736;TAPIS SALLE DE BAIN;;0.00;12.00;U
2026/2737;FALFOULA;;0.00;2.00;U
